Date ,series ,OPEN ,HIGH ,LOW ,PREV. CLOSE ,ltp ,close ,vwap ,52W H ,52W L ,VOLUME ,VALUE ,No of trades ,stock_name
16-May-25,EQ,2054.00,2071.00,2022.00,2041.90,2036.00,2033.60,2039.48,2135.00,1419.05,1568556.00,3199041705.20,64803.00,BajajFinsv
15-May-25,EQ,2015.10,2050.40,1996.70,2020.40,2042.00,2041.90,2031.12,2135.00,1419.05,2640223.00,5362599475.80,133748.00,BajajFinsv
14-May-25,EQ,2028.90,2042.00,2010.00,2018.20,2019.90,2020.40,2022.00,2135.00,1419.05,1670853.00,3378471328.20,56885.00,BajajFinsv
13-May-25,EQ,2046.90,2061.40,2010.60,2050.40,2022.90,2018.20,2025.48,2135.00,1419.05,2217985.00,4492474874.80,104157.00,BajajFinsv
12-May-25,EQ,2024.90,2057.60,2011.80,1970.00,2048.00,2050.40,2043.37,2135.00,1419.05,1057561.00,2160985676.60,55915.00,BajajFinsv
09-May-25,EQ,1970.00,1999.00,1963.00,2006.00,1975.00,1970.00,1971.78,2135.00,1419.05,1207361.00,2380647761.10,80510.00,BajajFinsv
08-May-25,EQ,2032.00,2050.00,1992.90,2030.30,2000.00,2006.00,2016.49,2135.00,1419.05,1697652.00,3423292655.20,92264.00,BajajFinsv
07-May-25,EQ,2011.30,2045.50,2009.70,2035.80,2030.50,2030.30,2025.84,2135.00,1419.05,1078158.00,2184172720.80,66555.00,BajajFinsv
06-May-25,EQ,2028.90,2045.00,2008.10,2026.20,2032.00,2035.80,2029.47,2135.00,1419.05,1698230.00,3446501543.00,81535.00,BajajFinsv
05-May-25,EQ,1964.90,2036.60,1959.10,1958.00,2029.00,2026.20,2009.31,2135.00,1419.05,2072898.00,4165084732.70,109841.00,BajajFinsv
02-May-25,EQ,1955.00,1986.60,1917.20,1951.60,1954.00,1958.00,1951.55,2135.00,1419.05,2236491.00,4364616782.60,131044.00,BajajFinsv
30-Apr-25,EQ,2018.20,2020.00,1926.50,2066.90,1951.00,1951.60,1945.95,2135.00,1419.05,4684518.00,9115858817.90,270995.00,BajajFinsv
29-Apr-25,EQ,2061.00,2082.00,2028.80,2049.70,2063.80,2066.90,2059.03,2135.00,1419.05,2119823.00,4364775534.90,129661.00,BajajFinsv
28-Apr-25,EQ,2040.00,2094.80,2040.00,2045.50,2050.00,2049.70,2051.58,2135.00,1419.05,6311008.00,12947542187.90,94363.00,BajajFinsv
25-Apr-25,EQ,2105.00,2125.00,2023.10,2105.00,2045.00,2045.50,2057.39,2135.00,1419.05,1960343.00,4033192843.30,121923.00,BajajFinsv
24-Apr-25,EQ,2121.80,2135.00,2085.40,2100.80,2103.30,2105.00,2101.84,2135.00,1419.05,1465968.00,3081232057.20,80988.00,BajajFinsv
23-Apr-25,EQ,2094.00,2117.80,2057.40,2077.00,2097.30,2100.80,2090.83,2118.70,1419.05,1483177.00,3101071968.60,92289.00,BajajFinsv
22-Apr-25,EQ,2104.00,2110.00,2070.00,2103.50,2074.00,2077.00,2086.66,2118.70,1419.05,1447675.00,3020798804.50,89910.00,BajajFinsv
21-Apr-25,EQ,2037.10,2118.70,2035.70,2035.30,2106.00,2103.50,2090.40,2118.70,1419.05,2642028.00,5522888457.30,120077.00,BajajFinsv
17-Apr-25,EQ,1961.50,2039.70,1955.00,1969.20,2031.00,2035.30,2005.06,2039.70,1419.05,2104540.00,4219724255.60,106220.00,BajajFinsv
16-Apr-25,EQ,1961.00,1975.70,1949.60,1968.00,1968.50,1969.20,1961.09,2029.90,1419.05,1033717.00,2027208894.50,75492.00,BajajFinsv
15-Apr-25,EQ,1984.00,1984.00,1960.80,1946.30,1971.00,1968.00,1970.86,2029.90,1419.05,1250872.00,2465298689.80,70250.00,BajajFinsv
11-Apr-25,EQ,1909.45,1966.00,1906.55,1895.70,1946.30,1946.30,1949.06,2029.90,1419.05,1880510.00,3665223608.10,97508.00,BajajFinsv
09-Apr-25,EQ,1899.00,1918.30,1878.00,1903.20,1900.00,1895.70,1895.76,2029.90,1419.05,1394829.00,2644257525.50,87029.00,BajajFinsv
08-Apr-25,EQ,1890.00,1934.00,1873.70,1852.65,1903.45,1903.20,1904.64,2029.90,1419.05,3182018.00,6060600685.45,112746.00,BajajFinsv
07-Apr-25,EQ,1835.00,1894.00,1823.50,1912.30,1849.70,1852.65,1853.13,2029.90,1419.05,2594074.00,4807158591.35,113616.00,BajajFinsv
04-Apr-25,EQ,1912.00,1929.95,1897.00,1920.45,1911.85,1912.30,1915.68,2029.90,1419.05,2120708.00,4062607203.45,77607.00,BajajFinsv
03-Apr-25,EQ,1915.00,1950.00,1904.95,1930.95,1919.00,1920.45,1927.12,2029.90,1419.05,1598430.00,3080368323.65,71288.00,BajajFinsv
02-Apr-25,EQ,1946.30,1963.50,1920.95,1937.10,1921.35,1930.95,1942.20,2029.90,1419.05,1057344.00,2053570858.65,48639.00,BajajFinsv
01-Apr-25,EQ,1998.00,2002.00,1932.50,2007.35,1941.90,1937.10,1957.73,2029.90,1419.05,2125921.00,4161984989.20,134764.00,BajajFinsv
28-Mar-25,EQ,1995.75,2022.00,1994.20,2005.75,2002.30,2007.35,2007.24,2029.90,1419.05,1907116.00,3828040639.70,98083.00,BajajFinsv
27-Mar-25,EQ,1940.00,2011.50,1932.60,1943.40,1999.00,2005.75,1992.48,2029.90,1419.05,4506778.00,8979668689.10,170421.00,BajajFinsv
26-Mar-25,EQ,1951.00,1978.00,1935.00,1945.05,1935.00,1943.40,1954.40,2029.90,1419.05,2779682.00,5432616782.70,147190.00,BajajFinsv
25-Mar-25,EQ,1905.00,1954.40,1894.90,1894.15,1935.45,1945.05,1937.36,2029.90,1419.05,3512725.00,6805404860.45,164527.00,BajajFinsv
24-Mar-25,EQ,1855.35,1898.70,1845.50,1847.25,1895.35,1894.15,1881.28,2029.90,1419.05,1864839.00,3508282728.90,88656.00,BajajFinsv
21-Mar-25,EQ,1878.00,1880.00,1825.00,1851.85,1842.00,1847.25,1844.07,2029.90,1419.05,3537391.00,6523188403.70,100832.00,BajajFinsv
20-Mar-25,EQ,1842.25,1855.00,1814.10,1842.25,1852.00,1851.85,1839.57,2029.90,1419.05,2306910.00,4243728885.30,80931.00,BajajFinsv
19-Mar-25,EQ,1855.00,1864.40,1840.00,1844.65,1841.00,1842.25,1851.54,2029.90,1419.05,2411880.00,4465698374.15,53144.00,BajajFinsv
18-Mar-25,EQ,1900.00,1907.85,1833.25,1871.60,1846.50,1844.65,1848.89,2029.90,1419.05,4342446.00,8028683887.05,139248.00,BajajFinsv
17-Mar-25,EQ,1820.00,1880.90,1797.15,1807.45,1875.10,1871.60,1864.99,2029.90,1419.05,6994838.00,13045304192.05,137436.00,BajajFinsv
13-Mar-25,EQ,1828.00,1840.00,1803.15,1819.45,1807.00,1807.45,1816.49,2029.90,1419.05,1333932.00,2423068666.95,72823.00,BajajFinsv
12-Mar-25,EQ,1814.00,1824.35,1800.00,1805.40,1822.00,1819.45,1814.78,2029.90,1419.05,1196955.00,2172208009.95,59222.00,BajajFinsv
11-Mar-25,EQ,1830.00,1836.85,1788.25,1840.35,1808.20,1805.40,1806.72,2029.90,1419.05,2298735.00,4153160526.95,96641.00,BajajFinsv
10-Mar-25,EQ,1844.75,1888.75,1835.00,1845.30,1837.55,1840.35,1860.62,2029.90,1419.05,1703046.00,3168721160.95,102164.00,BajajFinsv
07-Mar-25,EQ,1845.15,1865.55,1836.50,1845.45,1839.00,1845.30,1849.98,2029.90,1419.05,1332323.00,2464765772.20,65579.00,BajajFinsv
06-Mar-25,EQ,1818.80,1853.00,1784.10,1801.80,1842.50,1845.45,1830.56,2029.90,1419.05,2176883.00,3984905103.15,116521.00,BajajFinsv
05-Mar-25,EQ,1787.00,1808.80,1733.00,1790.30,1805.90,1801.80,1782.38,2029.90,1419.05,2143253.00,3820095973.85,90678.00,BajajFinsv
04-Mar-25,EQ,1829.75,1833.50,1785.25,1838.55,1789.90,1790.30,1799.04,2029.90,1419.05,1443339.00,2596623313.90,85829.00,BajajFinsv
03-Mar-25,EQ,1884.70,1884.70,1818.70,1872.30,1840.00,1838.55,1837.94,2029.90,1419.05,1046987.00,1924301340.55,69233.00,BajajFinsv
28-Feb-25,EQ,1911.05,1920.00,1862.55,1925.55,1870.20,1872.30,1881.72,2029.90,1419.05,1797567.00,3382516970.60,100037.00,BajajFinsv
27-Feb-25,EQ,1882.15,1938.80,1881.00,1875.10,1920.10,1925.55,1919.78,2029.90,1419.05,2878330.00,5525751015.70,135147.00,BajajFinsv
25-Feb-25,EQ,1857.80,1896.00,1857.80,1857.80,1872.00,1875.10,1878.43,2029.90,1419.05,1761019.00,3307953733.00,92372.00,BajajFinsv
24-Feb-25,EQ,1868.00,1889.90,1853.00,1879.35,1862.45,1857.80,1868.23,2029.90,1419.05,1076484.00,2011121751.60,76366.00,BajajFinsv
21-Feb-25,EQ,1872.20,1893.30,1866.40,1881.25,1872.50,1879.35,1879.92,2029.90,1419.05,852037.00,1601765245.75,47511.00,BajajFinsv
20-Feb-25,EQ,1867.85,1887.50,1861.05,1875.35,1881.45,1881.25,1872.26,2029.90,1419.05,1012144.00,1894991778.75,59280.00,BajajFinsv
19-Feb-25,EQ,1891.05,1899.20,1868.05,1893.70,1873.40,1875.35,1883.55,2029.90,1419.05,768994.00,1448441519.45,53147.00,BajajFinsv
18-Feb-25,EQ,1892.00,1913.80,1880.80,1894.85,1889.20,1893.70,1900.79,2029.90,1419.05,2116513.00,4023053476.45,130673.00,BajajFinsv
17-Feb-25,EQ,1841.30,1898.75,1830.45,1841.30,1890.05,1894.85,1877.14,2029.90,1419.05,3022597.00,5673844443.45,158604.00,BajajFinsv
14-Feb-25,EQ,1853.50,1867.60,1825.00,1849.25,1839.00,1841.30,1844.64,2029.90,1419.05,1823774.00,3364204803.50,93825.00,BajajFinsv
13-Feb-25,EQ,1803.95,1853.50,1796.65,1788.70,1842.35,1849.25,1838.89,2029.90,1419.05,4070038.00,7484369896.00,149987.00,BajajFinsv
12-Feb-25,EQ,1749.00,1800.85,1727.25,1744.85,1792.25,1788.70,1765.66,2029.90,1419.05,1888823.00,3335013175.20,105418.00,BajajFinsv
11-Feb-25,EQ,1792.40,1795.30,1742.00,1792.40,1744.05,1744.85,1763.84,2029.90,1419.05,1944713.00,3430162416.60,88571.00,BajajFinsv
10-Feb-25,EQ,1804.90,1806.95,1774.80,1798.35,1789.05,1792.40,1788.51,2029.90,1419.05,908769.00,1625345952.15,51076.00,BajajFinsv
07-Feb-25,EQ,1801.00,1822.00,1784.35,1788.00,1800.00,1798.35,1801.29,2029.90,1419.05,1748940.00,3150352701.45,82177.00,BajajFinsv
06-Feb-25,EQ,1808.00,1812.95,1779.45,1796.75,1790.95,1788.00,1790.70,2029.90,1419.05,1119866.00,2005345029.05,73249.00,BajajFinsv
05-Feb-25,EQ,1811.00,1826.55,1780.00,1813.25,1791.85,1796.75,1798.42,2029.90,1419.05,1286850.00,2314299265.10,101972.00,BajajFinsv
04-Feb-25,EQ,1800.00,1818.90,1772.80,1794.85,1804.10,1813.25,1798.97,2029.90,1419.05,2285643.00,4111803401.50,129778.00,BajajFinsv
03-Feb-25,EQ,1735.00,1805.00,1733.35,1754.00,1794.75,1794.85,1783.86,2029.90,1419.05,2918355.00,5205930528.35,202204.00,BajajFinsv
01-Feb-25,EQ,1747.00,1780.00,1617.00,1736.10,1766.30,1754.00,1728.26,2029.90,1419.05,2887325.00,4990055226.70,93248.00,BajajFinsv
31-Jan-25,EQ,1713.60,1753.70,1698.20,1745.20,1742.35,1736.10,1730.15,2029.90,1419.05,1917476.00,3317528820.95,100846.00,BajajFinsv
30-Jan-25,EQ,1825.00,1856.00,1741.00,1790.40,1750.00,1745.20,1800.97,2029.90,1419.05,5190089.00,9347187115.70,243873.00,BajajFinsv
29-Jan-25,EQ,1776.95,1804.95,1767.25,1768.95,1787.60,1790.40,1791.61,2029.90,1419.05,1880079.00,3368374337.10,98757.00,BajajFinsv
28-Jan-25,EQ,1732.95,1788.05,1715.00,1711.60,1770.10,1768.95,1755.45,2029.90,1419.05,2439528.00,4282463470.75,121743.00,BajajFinsv
27-Jan-25,EQ,1714.85,1732.65,1702.00,1728.70,1705.05,1711.60,1714.13,2029.90,1419.05,1017680.00,1744432087.50,59456.00,BajajFinsv
24-Jan-25,EQ,1751.00,1754.90,1725.00,1746.15,1729.55,1728.70,1736.76,2029.90,1419.05,747930.00,1298976587.35,42241.00,BajajFinsv
23-Jan-25,EQ,1742.55,1766.00,1730.45,1743.30,1747.00,1746.15,1754.58,2029.90,1419.05,1888122.00,3312862198.85,76896.00,BajajFinsv
22-Jan-25,EQ,1720.00,1746.85,1710.50,1717.00,1742.55,1743.30,1728.07,2029.90,1419.05,1369310.00,2366270035.20,65189.00,BajajFinsv
21-Jan-25,EQ,1745.00,1751.00,1711.00,1735.20,1712.00,1717.00,1733.96,2029.90,1419.05,2008953.00,3483443599.45,91485.00,BajajFinsv
20-Jan-25,EQ,1686.30,1738.00,1674.40,1680.65,1737.00,1735.20,1719.67,2029.90,1419.05,1674215.00,2879089623.30,72811.00,BajajFinsv
17-Jan-25,EQ,1686.10,1698.40,1670.95,1697.35,1682.70,1680.65,1682.81,2029.90,1419.05,905680.00,1524085472.90,43706.00,BajajFinsv
16-Jan-25,EQ,1680.00,1705.95,1679.20,1671.65,1695.90,1697.35,1693.98,2029.90,1419.05,1105433.00,1872585819.20,79807.00,BajajFinsv
15-Jan-25,EQ,1721.10,1730.45,1650.00,1713.50,1674.80,1671.65,1674.05,2029.90,1419.05,2098490.00,3512978879.75,115194.00,BajajFinsv
14-Jan-25,EQ,1689.00,1730.00,1684.00,1674.15,1727.00,1713.50,1705.81,2029.90,1419.05,2084348.00,3555507518.90,94492.00,BajajFinsv
13-Jan-25,EQ,1689.60,1700.00,1666.60,1701.25,1674.85,1674.15,1680.63,2029.90,1419.05,1177882.00,1979588963.90,64253.00,BajajFinsv
10-Jan-25,EQ,1682.00,1718.20,1680.00,1690.30,1698.85,1701.25,1701.21,2029.90,1419.05,1467079.00,2495814905.55,91384.00,BajajFinsv
09-Jan-25,EQ,1697.00,1700.50,1675.00,1697.00,1689.00,1690.30,1685.61,2029.90,1419.05,1036731.00,1747528491.70,65105.00,BajajFinsv
08-Jan-25,EQ,1681.00,1709.00,1668.55,1682.75,1695.00,1697.00,1692.84,2029.90,1419.05,1437122.00,2432819221.90,92096.00,BajajFinsv
07-Jan-25,EQ,1692.00,1703.65,1674.20,1684.60,1680.05,1682.75,1690.06,2029.90,1419.05,1242573.00,2100020175.40,83242.00,BajajFinsv
06-Jan-25,EQ,1715.00,1732.95,1675.00,1701.10,1689.00,1684.60,1702.16,2029.90,1419.05,1837772.00,3128181629.55,87654.00,BajajFinsv
03-Jan-25,EQ,1700.00,1720.00,1692.00,1700.65,1698.00,1701.10,1704.87,2029.90,1419.05,1563600.00,2665728178.35,94536.00,BajajFinsv
02-Jan-25,EQ,1581.30,1717.90,1576.40,1576.40,1700.00,1700.65,1680.97,2029.90,1419.05,8022190.00,13485024562.55,244036.00,BajajFinsv
01-Jan-25,EQ,1565.00,1584.05,1565.00,1568.10,1577.00,1576.40,1576.53,2029.90,1419.05,464064.00,731611055.30,39434.00,BajajFinsv
31-Dec-24,EQ,1569.95,1575.95,1560.00,1576.70,1570.00,1568.10,1567.63,2029.90,1419.05,1041557.00,1632772541.05,63848.00,BajajFinsv
30-Dec-24,EQ,1580.00,1587.85,1560.45,1579.30,1572.95,1576.70,1573.08,2029.90,1419.05,1307371.00,2056592659.60,57278.00,BajajFinsv
27-Dec-24,EQ,1567.95,1586.00,1561.10,1559.30,1579.00,1579.30,1578.35,2029.90,1419.05,1174865.00,1854344989.05,65621.00,BajajFinsv
26-Dec-24,EQ,1554.45,1574.90,1554.45,1564.55,1558.95,1559.30,1564.21,2029.90,1419.05,760870.00,1190157203.90,55179.00,BajajFinsv
24-Dec-24,EQ,1563.10,1572.85,1551.65,1563.40,1563.90,1564.55,1564.80,2029.90,1419.05,810638.00,1268482797.25,54950.00,BajajFinsv
23-Dec-24,EQ,1583.00,1594.75,1560.55,1569.65,1562.95,1563.40,1573.66,2029.90,1419.05,1017438.00,1601104719.40,63452.00,BajajFinsv
20-Dec-24,EQ,1589.55,1603.60,1565.00,1589.55,1570.00,1569.65,1581.93,2029.90,1419.05,1806341.00,2857501691.05,106298.00,BajajFinsv
19-Dec-24,EQ,1616.80,1624.15,1583.05,1630.75,1592.80,1589.55,1594.33,2029.90,1419.05,1681562.00,2680957470.35,94539.00,BajajFinsv
18-Dec-24,EQ,1642.00,1647.40,1622.60,1643.15,1627.90,1630.75,1631.22,2029.90,1419.05,952592.00,1553887361.70,65924.00,BajajFinsv
17-Dec-24,EQ,1673.00,1673.65,1633.05,1673.65,1643.85,1643.15,1646.62,2029.90,1419.05,1045630.00,1721750052.55,57959.00,BajajFinsv
16-Dec-24,EQ,1675.00,1683.95,1660.40,1679.70,1673.40,1673.65,1671.86,2029.90,1419.05,797240.00,1332873863.20,44245.00,BajajFinsv
13-Dec-24,EQ,1667.10,1683.60,1635.00,1679.30,1678.05,1679.70,1660.16,2029.90,1419.05,1389802.00,2307295981.25,79479.00,BajajFinsv
12-Dec-24,EQ,1685.00,1690.50,1674.60,1686.50,1675.85,1679.30,1682.35,2029.90,1419.05,1137744.00,1914083528.60,75233.00,BajajFinsv
11-Dec-24,EQ,1667.10,1690.35,1649.00,1663.40,1683.90,1686.50,1675.55,2029.90,1419.05,2131913.00,3572122524.35,78265.00,BajajFinsv
10-Dec-24,EQ,1644.75,1673.00,1637.10,1637.05,1664.00,1663.40,1662.15,2029.90,1419.05,1673974.00,2782391830.65,80123.00,BajajFinsv
09-Dec-24,EQ,1642.00,1647.55,1619.20,1635.20,1637.10,1637.05,1637.29,2029.90,1419.05,859106.00,1406606533.85,50398.00,BajajFinsv
06-Dec-24,EQ,1640.00,1649.95,1625.05,1644.10,1630.95,1635.20,1638.41,2029.90,1419.05,1049225.00,1719058654.55,61859.00,BajajFinsv
05-Dec-24,EQ,1636.75,1654.10,1605.45,1628.10,1647.00,1644.10,1635.79,2029.90,1419.05,1706032.00,2790702982.95,104907.00,BajajFinsv
04-Dec-24,EQ,1619.00,1632.25,1606.10,1607.10,1629.95,1628.10,1621.25,2029.90,1419.05,2271608.00,3682855129.05,95426.00,BajajFinsv
03-Dec-24,EQ,1597.10,1609.90,1595.05,1596.65,1609.70,1607.10,1604.98,2029.90,1419.05,1045367.00,1677794635.55,64521.00,BajajFinsv
02-Dec-24,EQ,1588.00,1603.80,1567.00,1579.95,1595.05,1596.65,1590.47,2029.90,1419.05,1423549.00,2264114183.60,57332.00,BajajFinsv
29-Nov-24,EQ,1581.90,1587.95,1574.95,1575.05,1580.00,1579.95,1580.73,2029.90,1419.05,1998058.00,3158392397.70,98215.00,BajajFinsv
28-Nov-24,EQ,1605.00,1610.05,1567.65,1600.05,1582.30,1575.05,1585.29,2029.90,1419.05,3458405.00,5482565489.60,139523.00,BajajFinsv
27-Nov-24,EQ,1595.95,1608.60,1589.00,1594.40,1600.00,1600.05,1600.44,2029.90,1419.05,1335825.00,2137908189.25,49396.00,BajajFinsv
26-Nov-24,EQ,1614.90,1614.90,1582.00,1604.90,1594.00,1594.40,1595.57,2029.90,1419.05,2483861.00,3963176477.50,78248.00,BajajFinsv
25-Nov-24,EQ,1618.00,1638.80,1600.00,1600.85,1612.00,1604.90,1617.60,2029.90,1419.05,2191916.00,3545638200.55,96393.00,BajajFinsv
22-Nov-24,EQ,1569.95,1606.00,1562.05,1569.25,1601.00,1600.85,1595.14,2029.90,1419.05,2082813.00,3322387352.30,100614.00,BajajFinsv
21-Nov-24,EQ,1596.00,1596.00,1565.25,1596.35,1565.25,1569.25,1575.10,2029.90,1419.05,984265.00,1550314426.40,82494.00,BajajFinsv
19-Nov-24,EQ,1622.95,1625.95,1580.55,1616.00,1594.00,1596.35,1598.35,2029.90,1419.05,2569730.00,4107335026.15,105962.00,BajajFinsv
18-Nov-24,EQ,1634.00,1641.95,1610.00,1639.80,1619.70,1616.00,1620.18,2029.90,1419.05,1618700.00,2622581549.65,56766.00,BajajFinsv
14-Nov-24,EQ,1665.00,1673.55,1633.55,1664.45,1639.05,1639.80,1651.13,2029.90,1419.05,744472.00,1229223060.50,71049.00,BajajFinsv
13-Nov-24,EQ,1690.00,1695.95,1657.45,1691.75,1665.05,1664.45,1673.68,2029.90,1419.05,668302.00,1118522367.30,63477.00,BajajFinsv
12-Nov-24,EQ,1725.00,1732.95,1688.75,1717.45,1690.20,1691.75,1700.77,2029.90,1419.05,903492.00,1536631932.30,71996.00,BajajFinsv
11-Nov-24,EQ,1727.55,1751.95,1713.05,1739.75,1720.00,1717.45,1727.58,2029.90,1419.05,696798.00,1203774972.75,50462.00,BajajFinsv
08-Nov-24,EQ,1739.00,1743.50,1717.00,1729.70,1738.00,1739.75,1733.83,2029.90,1419.05,869560.00,1507669834.35,65208.00,BajajFinsv
07-Nov-24,EQ,1745.00,1757.00,1705.05,1748.70,1732.15,1729.70,1722.03,2029.90,1419.05,855044.00,1472413636.55,64871.00,BajajFinsv
06-Nov-24,EQ,1732.10,1759.70,1732.10,1735.65,1750.15,1748.70,1746.06,2029.90,1419.05,926170.00,1617149490.95,57278.00,BajajFinsv
05-Nov-24,EQ,1714.10,1744.30,1686.00,1712.50,1734.90,1735.65,1718.68,2029.90,1419.05,1646381.00,2829605957.05,119462.00,BajajFinsv
04-Nov-24,EQ,1754.70,1758.00,1694.05,1754.70,1709.85,1712.50,1715.01,2029.90,1419.05,1294236.00,2219623996.75,77239.00,BajajFinsv
01-Nov-24,EQ,1762.00,1772.15,1746.30,1750.75,1760.00,1754.70,1761.61,2029.90,1419.05,134827.00,237513017.40,12175.00,BajajFinsv
31-Oct-24,EQ,1745.20,1755.00,1725.05,1752.45,1748.00,1750.75,1743.78,2029.90,1419.05,869480.00,1516182874.55,69470.00,BajajFinsv
30-Oct-24,EQ,1766.70,1777.45,1740.20,1766.70,1752.00,1752.45,1754.53,2029.90,1419.05,826677.00,1450427279.85,46288.00,BajajFinsv
29-Oct-24,EQ,1725.15,1775.50,1703.00,1730.45,1762.20,1766.70,1753.61,2029.90,1419.05,1561586.00,2738409086.00,113935.00,BajajFinsv
28-Oct-24,EQ,1710.75,1737.85,1701.95,1707.40,1724.15,1730.45,1723.03,2029.90,1419.05,653158.00,1125411302.35,45487.00,BajajFinsv
25-Oct-24,EQ,1742.10,1751.90,1698.10,1742.10,1713.40,1707.40,1715.73,2029.90,1419.05,875973.00,1502933937.50,70435.00,BajajFinsv
24-Oct-24,EQ,1740.05,1764.00,1718.65,1739.70,1745.00,1742.10,1739.12,2029.90,1419.05,1502718.00,2613400975.60,70977.00,BajajFinsv
23-Oct-24,EQ,1727.55,1779.50,1727.55,1722.60,1741.95,1739.70,1760.04,2029.90,1419.05,2585058.00,4549811612.00,152189.00,BajajFinsv
22-Oct-24,EQ,1758.55,1770.95,1716.15,1758.40,1727.55,1722.60,1741.61,2029.90,1419.05,3142294.00,5472658013.15,155718.00,BajajFinsv
21-Oct-24,EQ,1822.00,1823.90,1753.95,1819.90,1758.55,1758.40,1778.34,2029.90,1419.05,1663903.00,2958986458.85,128240.00,BajajFinsv
18-Oct-24,EQ,1815.00,1833.30,1793.00,1815.80,1821.50,1819.90,1820.00,2029.90,1419.05,990257.00,1802270295.80,85322.00,BajajFinsv
17-Oct-24,EQ,1868.00,1869.45,1809.10,1862.05,1814.45,1815.80,1823.48,2029.90,1419.05,1115879.00,2034783929.95,90771.00,BajajFinsv
16-Oct-24,EQ,1855.00,1871.00,1847.25,1853.95,1857.00,1862.05,1860.06,2029.90,1419.05,850008.00,1581067496.30,57386.00,BajajFinsv
15-Oct-24,EQ,1873.60,1895.75,1842.00,1867.20,1856.95,1853.95,1859.66,2029.90,1419.05,2072690.00,3854508199.85,85173.00,BajajFinsv
14-Oct-24,EQ,1885.10,1885.10,1862.55,1876.40,1866.75,1867.20,1870.08,2029.90,1419.05,809881.00,1514542464.55,63549.00,BajajFinsv
11-Oct-24,EQ,1875.95,1883.80,1855.10,1875.70,1877.95,1876.40,1872.23,2029.90,1419.05,516757.00,967486569.05,49420.00,BajajFinsv
10-Oct-24,EQ,1874.80,1887.85,1860.00,1866.95,1876.50,1875.70,1876.02,2029.90,1419.05,1209065.00,2268234548.85,75793.00,BajajFinsv
09-Oct-24,EQ,1849.00,1881.20,1835.55,1838.15,1868.00,1866.95,1867.04,2029.90,1419.05,1411255.00,2634871519.45,79981.00,BajajFinsv
08-Oct-24,EQ,1873.20,1893.95,1833.10,1879.30,1836.00,1838.15,1853.04,2029.90,1419.05,1423384.00,2637583698.95,81671.00,BajajFinsv
07-Oct-24,EQ,1884.55,1901.60,1868.80,1884.55,1879.00,1879.30,1883.42,2029.90,1419.05,1423722.00,2681472272.20,93128.00,BajajFinsv
04-Oct-24,EQ,1913.30,1935.00,1865.25,1913.40,1886.50,1884.55,1896.07,2029.90,1419.05,2423416.00,4594959148.65,117523.00,BajajFinsv
03-Oct-24,EQ,1961.00,1970.05,1896.50,1975.25,1920.00,1913.40,1921.67,2029.90,1419.05,1702709.00,3272048229.00,99263.00,BajajFinsv
01-Oct-24,EQ,1973.00,2007.10,1969.05,1973.40,1975.20,1975.25,1984.94,2029.90,1419.05,1326900.00,2633816200.10,80488.00,BajajFinsv
30-Sep-24,EQ,2010.70,2018.95,1968.30,2010.70,1969.65,1973.40,1991.04,2029.90,1419.05,1859917.00,3703164528.05,121204.00,BajajFinsv
27-Sep-24,EQ,1976.85,2029.90,1966.30,1982.80,2004.75,2010.70,2007.20,2029.90,1419.05,3718693.00,7464155040.95,126375.00,BajajFinsv
26-Sep-24,EQ,1940.00,1988.25,1930.15,1928.50,1978.40,1982.80,1965.04,1988.25,1419.05,2541200.00,4993560699.30,122516.00,BajajFinsv
25-Sep-24,EQ,1905.00,1938.80,1896.05,1904.65,1935.00,1928.50,1913.63,1938.80,1419.05,901659.00,1725443921.40,48897.00,BajajFinsv
24-Sep-24,EQ,1920.00,1923.60,1898.35,1919.95,1907.90,1904.65,1909.97,1934.00,1419.05,1461016.00,2790492643.85,83248.00,BajajFinsv
23-Sep-24,EQ,1929.85,1934.00,1914.60,1916.80,1917.05,1919.95,1924.38,1934.00,1419.05,1118846.00,2153085011.80,68299.00,BajajFinsv
20-Sep-24,EQ,1892.10,1924.50,1884.35,1890.40,1918.00,1916.80,1911.25,1924.50,1419.05,4225587.00,8076165379.65,145184.00,BajajFinsv
19-Sep-24,EQ,1890.00,1902.00,1876.00,1888.20,1890.00,1890.40,1889.46,1921.00,1419.05,1821882.00,3442381952.20,99575.00,BajajFinsv
18-Sep-24,EQ,1848.70,1897.00,1843.20,1848.70,1881.15,1888.20,1881.60,1921.00,1419.05,2960854.00,5571154689.45,118509.00,BajajFinsv
17-Sep-24,EQ,1859.00,1876.85,1838.55,1857.60,1847.30,1848.70,1854.40,1921.00,1419.05,1920113.00,3560656742.60,107998.00,BajajFinsv
16-Sep-24,EQ,1902.00,1921.00,1838.05,1894.45,1856.10,1857.60,1876.70,1921.00,1419.05,3180768.00,5969358717.20,205992.00,BajajFinsv
13-Sep-24,EQ,1874.80,1906.90,1846.50,1854.85,1898.00,1894.45,1887.77,1906.90,1419.05,3078216.00,5810951952.05,172472.00,BajajFinsv
12-Sep-24,EQ,1850.70,1860.00,1816.80,1833.15,1849.00,1854.85,1839.43,1898.00,1419.05,2040386.00,3753150370.10,118125.00,BajajFinsv
11-Sep-24,EQ,1829.00,1853.80,1814.25,1824.50,1831.00,1833.15,1833.27,1898.00,1419.05,1492450.00,2736065614.70,77524.00,BajajFinsv
10-Sep-24,EQ,1874.80,1874.80,1815.25,1860.45,1827.90,1824.50,1827.52,1898.00,1419.05,2155688.00,3939559378.25,147790.00,BajajFinsv
09-Sep-24,EQ,1860.00,1873.75,1839.05,1857.15,1860.90,1860.45,1859.93,1898.00,1419.05,1576721.00,2932596035.50,97224.00,BajajFinsv
06-Sep-24,EQ,1864.00,1898.00,1836.00,1864.95,1857.30,1857.15,1862.57,1898.00,1419.05,2970645.00,5533034505.00,146758.00,BajajFinsv
05-Sep-24,EQ,1868.00,1874.70,1850.00,1871.90,1865.10,1864.95,1863.30,1879.70,1419.05,1441842.00,2686577202.25,110359.00,BajajFinsv
04-Sep-24,EQ,1840.20,1879.70,1833.05,1865.60,1865.35,1871.90,1867.90,1879.70,1419.05,2634954.00,4921836612.45,125251.00,BajajFinsv
03-Sep-24,EQ,1850.00,1870.95,1811.95,1840.55,1866.25,1865.60,1841.82,1870.95,1419.05,4429269.00,8157914164.25,169905.00,BajajFinsv
02-Sep-24,EQ,1796.40,1862.00,1787.80,1783.05,1842.00,1840.55,1837.17,1862.00,1419.05,5442576.00,9998938880.80,253728.00,BajajFinsv
30-Aug-24,EQ,1769.95,1793.50,1750.05,1755.65,1782.00,1783.05,1775.87,1793.50,1419.05,3865499.00,6864631267.70,195873.00,BajajFinsv
29-Aug-24,EQ,1716.00,1772.00,1711.55,1713.50,1758.30,1755.65,1755.12,1772.00,1419.05,5508206.00,9667555154.55,289557.00,BajajFinsv
28-Aug-24,EQ,1728.00,1735.00,1700.05,1719.00,1712.00,1713.50,1715.39,1741.00,1419.05,1444329.00,2477594387.85,103200.00,BajajFinsv
27-Aug-24,EQ,1686.20,1729.00,1652.00,1686.20,1727.60,1719.00,1697.63,1741.00,1419.05,4205533.00,7139418956.00,213278.00,BajajFinsv
26-Aug-24,EQ,1649.00,1688.00,1638.75,1639.90,1683.25,1686.20,1671.75,1741.00,1419.05,2446507.00,4089952113.85,156411.00,BajajFinsv
23-Aug-24,EQ,1627.90,1644.95,1623.20,1625.70,1644.00,1639.90,1635.21,1741.00,1419.05,1114056.00,1821718657.40,94274.00,BajajFinsv
22-Aug-24,EQ,1624.80,1630.00,1614.05,1620.95,1625.00,1625.70,1624.73,1741.00,1419.05,1325535.00,2153635703.20,146376.00,BajajFinsv
21-Aug-24,EQ,1600.00,1628.80,1599.95,1602.10,1617.00,1620.95,1616.80,1741.00,1419.05,1966030.00,3178685357.60,124859.00,BajajFinsv
20-Aug-24,EQ,1554.95,1624.90,1551.50,1551.10,1604.00,1602.10,1597.64,1741.00,1419.05,3149863.00,5032342850.35,122804.00,BajajFinsv
19-Aug-24,EQ,1563.90,1563.90,1545.05,1549.90,1551.00,1551.10,1551.50,1741.00,1419.05,940893.00,1459797814.05,84351.00,BajajFinsv
16-Aug-24,EQ,1539.00,1552.45,1523.25,1529.15,1550.00,1549.90,1541.11,1741.00,1419.05,1841887.00,2838559405.35,85055.00,BajajFinsv
14-Aug-24,EQ,1545.00,1546.45,1526.80,1543.35,1529.50,1529.15,1531.78,1741.00,1419.05,1173504.00,1797548189.90,77731.00,BajajFinsv
13-Aug-24,EQ,1554.00,1569.00,1537.05,1559.00,1543.95,1543.35,1550.94,1741.00,1419.05,1817066.00,2818153307.40,111780.00,BajajFinsv
12-Aug-24,EQ,1557.00,1570.85,1548.10,1560.20,1557.40,1559.00,1561.48,1741.00,1419.05,1125254.00,1757059111.75,51376.00,BajajFinsv
09-Aug-24,EQ,1559.90,1562.55,1545.50,1540.05,1557.00,1560.20,1555.31,1741.00,1419.05,1014828.00,1578372498.80,50975.00,BajajFinsv
08-Aug-24,EQ,1562.45,1576.45,1532.55,1571.40,1538.25,1540.05,1552.69,1741.00,1419.05,1683534.00,2614010348.20,92789.00,BajajFinsv
07-Aug-24,EQ,1584.10,1584.80,1563.65,1564.10,1574.00,1571.40,1573.13,1741.00,1419.05,1443063.00,2270126988.45,40952.00,BajajFinsv
06-Aug-24,EQ,1575.15,1598.00,1557.10,1567.70,1563.20,1564.10,1573.54,1741.00,1419.05,1897942.00,2986487766.20,108258.00,BajajFinsv
05-Aug-24,EQ,1590.00,1605.00,1562.00,1623.45,1564.40,1567.70,1577.43,1741.00,1419.05,2058076.00,3246478317.60,112538.00,BajajFinsv
02-Aug-24,EQ,1620.00,1629.00,1603.00,1634.80,1622.00,1623.45,1620.26,1741.00,1419.05,1105569.00,1791308886.45,68300.00,BajajFinsv
01-Aug-24,EQ,1655.00,1659.00,1630.00,1651.65,1632.65,1634.80,1642.86,1741.00,1419.05,747329.00,1227755642.90,57340.00,BajajFinsv
31-Jul-24,EQ,1650.90,1656.25,1637.65,1642.65,1650.00,1651.65,1649.41,1741.00,1419.05,1324150.00,2184063693.30,64607.00,BajajFinsv
30-Jul-24,EQ,1614.00,1669.90,1595.20,1617.15,1642.40,1642.65,1642.42,1741.00,1419.05,3703774.00,6083154291.15,167026.00,BajajFinsv
29-Jul-24,EQ,1588.15,1625.00,1582.50,1586.45,1618.00,1617.15,1605.74,1741.00,1419.05,2217892.00,3561366193.10,82131.00,BajajFinsv
26-Jul-24,EQ,1578.00,1592.75,1569.05,1571.95,1584.40,1586.45,1583.30,1741.00,1419.05,2768936.00,4384043178.55,107847.00,BajajFinsv
25-Jul-24,EQ,1565.60,1582.65,1558.00,1579.25,1576.00,1571.95,1571.44,1741.00,1419.05,1694503.00,2662803589.55,98634.00,BajajFinsv
24-Jul-24,EQ,1600.60,1611.90,1562.00,1618.85,1585.00,1579.25,1583.71,1741.00,1419.05,3675430.00,5820803831.40,176812.00,BajajFinsv
23-Jul-24,EQ,1635.00,1647.95,1599.45,1631.15,1613.45,1618.85,1618.85,1741.00,1419.05,2718846.00,4401403810.20,132286.00,BajajFinsv
22-Jul-24,EQ,1625.00,1651.80,1623.05,1640.25,1633.00,1631.15,1639.35,1741.00,1419.05,784867.00,1286673064.45,50019.00,BajajFinsv
19-Jul-24,EQ,1652.00,1660.00,1635.00,1651.25,1635.00,1640.25,1645.93,1741.00,1419.05,1865129.00,3069880461.20,72752.00,BajajFinsv
18-Jul-24,EQ,1606.00,1654.00,1593.05,1609.55,1648.00,1651.25,1635.19,1741.00,1419.05,2999670.00,4905018387.40,131559.00,BajajFinsv
16-Jul-24,EQ,1605.00,1615.00,1598.40,1602.20,1610.00,1609.55,1607.12,1741.00,1419.05,980434.00,1575671676.55,56338.00,BajajFinsv
15-Jul-24,EQ,1597.00,1605.00,1588.00,1597.25,1605.00,1602.20,1596.04,1741.00,1419.05,1753186.00,2798158553.25,55180.00,BajajFinsv
12-Jul-24,EQ,1604.85,1604.85,1585.15,1587.85,1597.95,1597.25,1597.21,1741.00,1419.05,1003699.00,1603115114.50,89811.00,BajajFinsv
11-Jul-24,EQ,1584.00,1596.00,1576.00,1582.55,1588.35,1587.85,1585.68,1741.00,1419.05,1848978.00,2931881547.40,82242.00,BajajFinsv
10-Jul-24,EQ,1583.90,1589.00,1570.75,1581.60,1583.00,1582.55,1581.98,1741.00,1419.05,1355610.00,2144553315.65,99379.00,BajajFinsv
09-Jul-24,EQ,1577.70,1583.90,1567.00,1570.10,1581.00,1581.60,1577.39,1741.00,1419.05,1233946.00,1946415335.20,70426.00,BajajFinsv
08-Jul-24,EQ,1579.60,1579.60,1562.00,1579.60,1568.00,1570.10,1569.11,1741.00,1419.05,1000005.00,1569117801.15,80582.00,BajajFinsv
05-Jul-24,EQ,1587.00,1590.70,1570.10,1585.70,1580.00,1579.60,1577.93,1741.00,1419.05,1070592.00,1689321250.60,103206.00,BajajFinsv
04-Jul-24,EQ,1610.00,1610.00,1580.80,1594.15,1583.60,1585.70,1593.04,1741.00,1419.05,1450706.00,2311031774.25,65469.00,BajajFinsv
03-Jul-24,EQ,1583.00,1597.50,1573.60,1579.75,1594.00,1594.15,1590.28,1741.00,1419.05,892102.00,1418689647.90,45137.00,BajajFinsv
02-Jul-24,EQ,1580.20,1585.00,1561.10,1580.20,1582.00,1579.75,1572.86,1741.00,1419.05,2572175.00,4045683248.35,172144.00,BajajFinsv
01-Jul-24,EQ,1588.20,1590.95,1578.00,1588.15,1580.00,1580.20,1582.68,1741.00,1419.05,2444681.00,3869152674.80,86514.00,BajajFinsv
28-Jun-24,EQ,1603.10,1622.00,1583.10,1603.10,1590.95,1588.15,1600.94,1741.00,1419.05,2058302.00,3295219325.40,93481.00,BajajFinsv
27-Jun-24,EQ,1600.25,1614.70,1595.05,1600.25,1599.75,1603.10,1604.64,1741.00,1419.05,2620064.00,4204258964.90,156183.00,BajajFinsv
26-Jun-24,EQ,1607.00,1616.50,1593.75,1603.35,1600.50,1600.25,1601.56,1741.00,1419.05,1310438.00,2098744015.60,51181.00,BajajFinsv
25-Jun-24,EQ,1587.65,1610.75,1571.00,1587.65,1606.00,1603.35,1591.57,1741.00,1419.05,3093861.00,4924099318.25,141660.00,BajajFinsv
24-Jun-24,EQ,1570.05,1589.85,1561.00,1578.90,1586.85,1587.65,1577.95,1741.00,1419.05,822750.00,1298259933.90,44488.00,BajajFinsv
21-Jun-24,EQ,1586.00,1610.85,1570.50,1586.00,1579.90,1578.90,1583.11,1741.00,1419.05,3345305.00,5295995946.95,115582.00,BajajFinsv
20-Jun-24,EQ,1592.50,1595.00,1573.10,1594.90,1587.50,1586.00,1581.50,1741.00,1419.05,1649421.00,2608557709.15,106178.00,BajajFinsv
19-Jun-24,EQ,1600.00,1600.00,1582.50,1597.95,1590.50,1594.90,1590.66,1741.00,1419.05,1269273.00,2018983570.50,47050.00,BajajFinsv
18-Jun-24,EQ,1599.00,1604.90,1585.00,1591.75,1597.35,1597.95,1594.25,1741.00,1419.05,1282756.00,2045039820.35,111193.00,BajajFinsv
14-Jun-24,EQ,1590.10,1596.00,1575.35,1590.10,1587.05,1591.75,1588.45,1741.00,1419.05,681385.00,1082343665.65,60911.00,BajajFinsv
13-Jun-24,EQ,1586.95,1595.55,1581.00,1579.10,1586.15,1590.10,1587.53,1741.00,1419.05,1095701.00,1739453368.40,77073.00,BajajFinsv
12-Jun-24,EQ,1568.00,1593.75,1562.00,1568.25,1580.00,1579.10,1574.65,1741.00,1419.05,1799090.00,2832929928.70,73036.00,BajajFinsv
11-Jun-24,EQ,1573.00,1577.40,1558.00,1565.80,1569.95,1568.25,1568.71,1741.00,1419.05,1184425.00,1858021705.40,99642.00,BajajFinsv
10-Jun-24,EQ,1586.05,1589.00,1559.35,1567.70,1560.05,1565.80,1577.38,1741.00,1419.05,1154334.00,1820824374.65,101419.00,BajajFinsv
07-Jun-24,EQ,1538.95,1580.00,1530.55,1526.45,1565.90,1567.70,1561.79,1741.00,1419.05,2787254.00,4353116697.85,127738.00,BajajFinsv
06-Jun-24,EQ,1521.50,1541.50,1510.80,1517.70,1531.00,1526.45,1524.58,1741.00,1419.05,2891789.00,4408758077.10,128791.00,BajajFinsv
05-Jun-24,EQ,1490.00,1528.00,1472.90,1477.30,1519.00,1517.70,1508.36,1741.00,1419.05,1456768.00,2197336675.85,90611.00,BajajFinsv
04-Jun-24,EQ,1556.00,1569.20,1419.05,1575.80,1489.40,1477.30,1493.63,1741.00,1419.05,4388491.00,6554766778.75,292765.00,BajajFinsv
03-Jun-24,EQ,1580.00,1583.00,1556.45,1528.60,1578.60,1575.80,1573.93,1741.00,1451.00,1826290.00,2874454422.05,70981.00,BajajFinsv
31-May-24,EQ,1530.00,1552.05,1518.90,1524.10,1531.00,1528.60,1528.24,1741.00,1439.50,2794001.00,4269899128.95,153437.00,BajajFinsv
30-May-24,EQ,1566.75,1575.20,1517.00,1569.90,1525.00,1524.10,1533.11,1741.00,1439.50,2285079.00,3503271704.30,150586.00,BajajFinsv
29-May-24,EQ,1594.15,1602.35,1565.10,1599.65,1567.05,1569.90,1576.21,1741.00,1439.50,1665575.00,2625298830.75,73125.00,BajajFinsv
28-May-24,EQ,1602.95,1605.00,1589.45,1595.80,1598.65,1599.65,1596.77,1741.00,1439.50,1306333.00,2085917421.00,64213.00,BajajFinsv
27-May-24,EQ,1605.00,1612.85,1590.30,1601.70,1597.55,1595.80,1603.11,1741.00,1439.50,1365230.00,2188608872.55,50630.00,BajajFinsv
24-May-24,EQ,1609.00,1620.00,1597.05,1608.45,1605.00,1601.70,1607.54,1741.00,1405.00,566278.00,910315490.10,47721.00,BajajFinsv
23-May-24,EQ,1587.10,1613.25,1581.25,1583.95,1607.00,1608.45,1599.83,1741.00,1405.00,1547483.00,2475714520.10,100098.00,BajajFinsv
22-May-24,EQ,1582.55,1590.00,1575.00,1582.55,1585.00,1583.95,1582.96,1741.00,1405.00,578669.00,916008515.60,39713.00,BajajFinsv
21-May-24,EQ,1587.50,1595.30,1572.00,1587.50,1581.00,1582.55,1581.78,1741.00,1405.00,903561.00,1429235079.60,84340.00,BajajFinsv
18-May-24,EQ,1584.70,1600.00,1575.00,1584.75,1589.90,1587.50,1586.65,1741.00,1397.05,58954.00,93539419.05,4369.00,BajajFinsv
17-May-24,EQ,1595.00,1598.00,1580.05,1596.00,1587.00,1584.75,1586.53,1741.00,1397.05,699522.00,1109809186.40,59838.00,BajajFinsv
16-May-24,EQ,1575.05,1601.00,1560.45,1569.05,1593.95,1596.00,1579.30,1741.00,1397.05,1212568.00,1915010385.45,110380.00,BajajFinsv
